Time(Hours),EntityID,ObjectName,ProcessID,StepName,Action
0,--,--,--,--,Unable to evaluate status expression for graphic.
0,--,--,--,--,Referenced definition type 'ModelEntity' does not match executing type 'Model'
0,--,--,--,--,Unable to evaluate status expression for graphic.
0,--,--,--,--,Referenced definition type 'ModelEntity' does not match executing type 'Model'
0,--,--,--,--,Unable to evaluate status expression for graphic.
0,--,--,--,--,Referenced definition type 'ModelEntity' does not match executing type 'Model'
0,--,--,--,--,Unable to evaluate status expression for graphic.
0,--,--,--,--,Referenced definition type 'ModelEntity' does not match executing type 'Model'
0.000277777777777778,--,--,--,--,Unable to evaluate status expression for graphic.
0.000277777777777778,--,--,--,--,Referenced definition type 'ModelEntity' does not match executing type 'Model'
0.000277777777777778,--,--,--,--,Unable to evaluate status expression for graphic.
0.000277777777777778,--,--,--,--,Referenced definition type 'ModelEntity' does not match executing type 'Model'
0.000277777777777778,--,--,--,--,Unable to evaluate status expression for graphic.
0.000277777777777778,--,--,--,--,Referenced definition type 'ModelEntity' does not match executing type 'Model'
0.000277777777777778,--,--,--,--,Unable to evaluate status expression for graphic.
0.000277777777777778,--,--,--,--,Referenced definition type 'ModelEntity' does not match executing type 'Model'
0.000555555555555556,--,--,--,--,Unable to evaluate status expression for graphic.
0.000555555555555556,--,--,--,--,Referenced definition type 'ModelEntity' does not match executing type 'Model'
0.000555555555555556,--,--,--,--,Unable to evaluate status expression for graphic.
0.000555555555555556,--,--,--,--,Referenced definition type 'ModelEntity' does not match executing type 'Model'
0.000555555555555556,--,--,--,--,Unable to evaluate status expression for graphic.
0.000555555555555556,--,--,--,--,Referenced definition type 'ModelEntity' does not match executing type 'Model'
0.000555555555555556,--,--,--,--,Unable to evaluate status expression for graphic.
0.000555555555555556,--,--,--,--,Referenced definition type 'ModelEntity' does not match executing type 'Model'
0.000833333333333333,--,--,--,--,Unable to evaluate status expression for graphic.
0.000833333333333333,--,--,--,--,Referenced definition type 'ModelEntity' does not match executing type 'Model'
0.000833333333333333,--,--,--,--,Unable to evaluate status expression for graphic.
0.000833333333333333,--,--,--,--,Referenced definition type 'ModelEntity' does not match executing type 'Model'
0.000833333333333333,--,--,--,--,Unable to evaluate status expression for graphic.
0.000833333333333333,--,--,--,--,Referenced definition type 'ModelEntity' does not match executing type 'Model'
0.000833333333333333,--,--,--,--,Unable to evaluate status expression for graphic.
0.000833333333333333,--,--,--,--,Referenced definition type 'ModelEntity' does not match executing type 'Model'

